<launch>
<!--
  Example move_base configuration. Descriptions of parameters, as well as a full list of all amcl parameters, can be found at http://www.ros.org/wiki/move_base.
-->
  <arg name="scan" default="scan" />
  <node pkg="move_base" type="move_base" respawn="false" name="move_base_node" output="screen">
    <remap from="base_scan" to="$(arg scan)"/>
    <param name="footprint_padding" value="0.5" />
    <param name="controller_frequency" value="2.0" />
    <param name="controller_patience" value="11.0" />

    <param name="oscillation_timeout" value="30.0" />
    <param name="oscillation_distance" value="0.5" />
    <param name="base_local_planner" value="teb_local_planner/TebLocalPlannerROS"/> 
    
    <!--<param name="base_local_planner" value="base_local_planner/TrajectoryPlannerROS"/> 
-->
    <param name="TrajectoryPlannerROS/max_rotational_vel" value="0.6"/>
    <param name="TrajectoryPlannerROS/min_rotational_vel" value="0.09"/>
    <param name="TrajectoryPlannerROS/acc_lim_th" value="0.2"/>
    
    <!--<param name="base_local_planner" value="eband_local_planner/EBandPlannerROS"/> -->
    
    <rosparam file="$(find advanced_turtlebot3_navigation)/params/costmap_common_params.yaml" command="load" ns="global_costmap" />
    <rosparam file="$(find advanced_turtlebot3_navigation)/params/costmap_common_params.yaml" command="load" ns="local_costmap" />
    <rosparam file="$(find advanced_turtlebot3_navigation)/params/local_costmap_params.yaml" command="load" />
    <rosparam file="$(find advanced_turtlebot3_navigation)/params/global_costmap_params.yaml" command="load" />
    
   <rosparam file="$(find advanced_turtlebot3_navigation)/params//teb_local_planner_params.yaml" command="load" />
    <rosparam file="$(find advanced_turtlebot3_navigation)/params/recovery_behaviors.yaml" command="load" />
   <!-- <rosparam file="$(find AR_TB4WD_navigation)/params/base_local_planner.yaml" command="load" />
    -->
    <!--<rosparam file="$(find navigation)/params/move_base/eband_local_planner_params.yaml" command="load" /> -->

   
  </node>
</launch>
